word,sim_value
android,1.0000000000000002
xiaomis,0.3349673200209577
laid,0.2771177322785699
miui,0.2767707011537197
daring,0.26226713733281576
operating,0.25936600776010227
stable,0.24937013242283834
longlasting,0.2405370915246681
verse,0.23461225273823366
interface,0.22866353938855635
