word,sim_value
ios,0.0
nine,229.55949236419502
whereby,312.61573621739484
bothies,312.97534507142836
animate,313.068704813916
comfortable,313.0864116969117
nowhere,313.16194521306875
practice,313.16983018176825
tool,313.1699372814118
spring,313.29631407628943
