word,sim_value
iphone,1.0
max,0.4445758086788476
xr,0.309239062971356
pro,0.29803094961352444
apple,0.25329689171810427
new,0.24817923341539747
performance,0.22942176311237128
price,0.22696769954629767
rumor,0.20856473366694236
september,0.20140130530201572
