word,sim_value
israel,1.0
modernday,0.30913218276986565
egypt,0.29750058465744783
syria,0.27745515505676466
war,0.2745691223840301
palestine,0.2514724308401397
jordan,0.23667874595632837
hebrew,0.2307759183762963
kingdom,0.22524851820528455
invade,0.22321538600588953
