word,sim_value
performance,1.0
surprising,0.25791016208059386
achievement,0.2531257438279775
sunlight,0.23249813582890563
vein,0.2316552345483751
iphone,0.22942176311237122
nugget,0.22822417919306734
true,0.22772126750148625
actual,0.2236010801631213
max,0.2158121330345794
