word,sim_value
samsung,1.0
galaxy,0.5683433371212022
s20,0.5088599096478099
beat,0.28677332604184724
plus,0.286756210975295
competition,0.27083142476475075
ultra,0.26259934334314466
huawei,0.254141671314274
monster,0.2523517114671186
ultraimage,0.24814822262692757
