word,sim_value
tiger,1.0
population,0.24087393692658468
leopard,0.2348710067569541
large,0.2099605544438153
prey,0.19966222456719526
also,0.18972532755956104
male,0.18847940518439457
part,0.18342808612563274
habitat,0.18293728912326826
bengal,0.18135392853338178
