word,sim_value
tiger,0.0
population,10854.504793533455
estimate,10854.55144345262
large,10916.900351370603
bengal,10937.74898489283
potential,10937.752745879641
occasionally,10958.556285908502
siberian,10958.561715290973
record,10979.335340707683
sumatran,11000.142189179971
